<application>
  <component name="NodeJsLocalInterpreterManager">
    <local-interpreter path="$USER_HOME$/.nvm/versions/node/v21.4.0/bin/node">
      <version-cache version="21.4.0" last-modified="1701760807000" />
    </local-interpreter>
    <local-interpreter path="$USER_HOME$/.nvm/versions/node/v20.10.0/bin/node">
      <version-cache version="20.10.0" last-modified="1700641859000" />
    </local-interpreter>
    <local-interpreter path="$USER_HOME$/.nvm/versions/node/v20.0.0/bin/node">
      <version-cache version="20.0.0" last-modified="1681766759000" />
    </local-interpreter>
    <local-interpreter path="$USER_HOME$/.nvm/versions/node/v18.18.2/bin/node">
      <version-cache version="18.18.2" last-modified="1697206771000" />
    </local-interpreter>
    <local-interpreter path="$USER_HOME$/.nvm/versions/node/v18.18.1/bin/node">
      <version-cache version="18.18.1" last-modified="1696940431000" />
    </local-interpreter>
    <local-interpreter path="$USER_HOME$/.nvm/versions/node/v18.18.0/bin/node">
      <version-cache version="18.18.0" last-modified="1695008916000" />
    </local-interpreter>
    <local-interpreter path="$USER_HOME$/.nvm/versions/node/v18.16.1/bin/node">
      <version-cache version="18.16.1" last-modified="1687269610000" />
    </local-interpreter>
    <local-interpreter path="$USER_HOME$/.nvm/versions/node/v18.16.0/bin/node">
      <version-cache version="18.16.0" last-modified="1681272004000" />
    </local-interpreter>
    <local-interpreter path="$USER_HOME$/.nvm/versions/node/v18.15.0/bin/node">
      <version-cache version="18.15.0" last-modified="1677993692000" />
    </local-interpreter>
    <local-interpreter path="$USER_HOME$/.nvm/versions/node/v18.14.0/bin/node">
      <version-cache version="18.14.0" last-modified="1675286289000" />
    </local-interpreter>
    <local-interpreter path="$USER_HOME$/.nvm/versions/node/v18.13.0/bin/node">
      <version-cache version="18.13.0" last-modified="1672958405000" />
    </local-interpreter>
    <local-interpreter path="$USER_HOME$/.nvm/versions/node/v18.12.1/bin/node">
      <version-cache version="18.12.1" last-modified="1667579253000" />
    </local-interpreter>
    <local-interpreter path="$USER_HOME$/.nvm/versions/node/v16.20.2/bin/node">
      <version-cache version="16.20.2" last-modified="1691533693000" />
    </local-interpreter>
    <local-interpreter path="$USER_HOME$/.nvm/versions/node/v14.15.1/bin/node">
      <version-cache version="14.15.1" last-modified="1605529725000" />
    </local-interpreter>
  </component>
</application>